{
  "maxInheritance": 45,
  "avgInheritance": 2,
  "abc": 206958.927350332,
  "avgFieldCount": 2.8620774734764374,
  "avgOverridenMethodCount": 1.5204158505348802
}
